about_us_id,set_title,description,icon,type
1,A Wealth of Expertise,EduExHub takes pride in its extensive and diverse network of distinguished academic experts spanning various fields and disciplines.,tab-icon.png,Client
1,Global Accessibility,"With our platform's global reach, users can tap into the expertise of top academic professionals from around the world.",tab-icon.png,Client
1,Comprehensive Support,"EduExHub offers an array of comprehensive services designed to meet a wide spectrum of needs. Whether users are embarking on course accreditations, curriculum development,",tab-icon.png,Client
1,Intuitive User Experience,"Our user-friendly interface and streamlined process cater to users with varying levels of technical proficiency. Posting academic projects has never been easier,",tab-icon.png,Client
1,Secure Transactions,"Security is paramount atEduExHub. To guarantee peace of mind for both users and experts, we hold payments in escrow until",tab-icon.png,Client
1,Intuitive User Experience,"Our user-friendly interface and streamlined process cater to users with varying levels of technical proficiency. Posting academic projects has never been easier,",tab-icon.png,Client
1,A Wealth of Expertise,EduExHub takes pride in its extensive and diverse network of distinguished academic experts spanning various fields and disciplines.,tab-icon.png,Expert
1,Global Accessibility,"With our platform's global reach, users can tap into the expertise of top academic professionals from around the world.",tab-icon.png,Expert
1,Comprehensive Support,"EduExHub offers an array of comprehensive services designed to meet a wide spectrum of needs. Whether users are embarking on course accreditations, curriculum development,",tab-icon.png,Expert
1,Intuitive User Experience,"Our user-friendly interface and streamlined process cater to users with varying levels of technical proficiency. Posting academic projects has never been easier,",tab-icon.png,Expert
1,Secure Transactions,"Security is paramount atEduExHub. To guarantee peace of mind for both users and experts, we hold payments in escrow until",tab-icon.png,Expert
1,Intuitive User Experience,"Our user-friendly interface and streamlined process cater to users with varying levels of technical proficiency. Posting academic projects has never been easier,",tab-icon.png,Expert