Course Accreditation Specialists,Program Design,Curriculum Experts,LMS Experts,Industry Experts,Finance Experts,Policy Experts,Project Managers,Research and Analysis,Writing and Editing,Scholarships Advisors,International Education Experts
Accreditation Documentation,Educational Expertise,Curriculum Development,LMS Development,Industry-Specific Knowledge,Budgeting and Forecasting,Policy Analysis,Project Planning,Data Analysis,Academic Formatting,Academic Counselling,Cross-Cultural Communication
Accreditation Process,Curriculum Development,Instructional Design,UX/UI Design,Market Analysis,Financial Analysis,Research and Data Analysis,Time Management,Research Methodology,Citation Specialist,Financial Aid Knowledge,Global Curriculum Development
Accreditation Renewal,Instructional Design,Assessment and Evaluation,Content Creation,Trend Analysis,Risk Assessment and Management,Legal and Regulatory Compliance,Task Prioritization,Needs Assessment,Copywriter,Grant Writing,Language Proficiency
Accreditation Reporting,Subject Matter Expertise,Subject Matter Expertise,Data Analysis,Competitive Analysis,Cash Flow Management,Policy Development,Budget Management,Evaluation Techniques,Data Interpretation,Interview Preparation,Intercultural Competence
Accreditation Review,Problem-Based Learning Expertise,Educational Research,System Administration,Regulatory Compliance,Investment Analysis,Stakeholder Engagement,Risk Assessment and Mitigation,Quantitative Research,Ethical Writing,Needs Assessment,Educational Policy Analysis
Accreditation Standards,Assessment and Evaluation,Learning Objectives,Technical Writing,Problem Solving,Financial Reporting,Public Speaking and Communication,Communication,Qualitative Research,Grammar and Syntax,Program Evaluation,International Partnerships
Auditing Procedures,Quality Assurance,Quality Assurance,Quality Assurance,Innovation,Cost Control,Writing and Report Preparation,Leadership,Statistical Analysis,Grant Proposal Writing,Proposal Writing Guidance,International Student Services
Compliance Assessment,Project Management,Data Analysis,Mobile App Integration,Project Management,Tax Planning,Problem Solving,Team Collaboration,Literature Review,Journal Article Editing,Research Funding Analyst,Global Program Management
Continuous Improvement,Strategic Planning,Stakeholder Collaboration,Database Management,Financial Analysis,Auditing,Strategic Planning,Stakeholder Management,Survey Design,Legal Writer,Research Grant Assistance,Multilingual Instructional Design
Data Analysis,Communication Skills,Strategic Planning,Project Management,Strategic Planning,Compliance and Regulatory Knowledge,Risk Assessment,Conflict Resolution,Data Interpretation,Literature Review,Research Skills,International Assessment Strategies
Documentation Management,Data Analysis,Instructional Materials,Front-end Development,Risk Management,Financial Modelling,Program Evaluation,Problem-Solving,Trend Analysis,Manuscript Editing,Scholarship Application Assistance,International Mobility Programs
Educational Standards,Technological Proficiency,Technology Integration,Back-end Development,Cross-functional Collaboration,Strategic Financial Planning,Negotiation and Diplomacy,Decision-Making,Market Research,Paraphrasing,Scholarship Application Reviewer,International Recruitment Strategies
Evaluation Metrics,Innovation and Creativity,Project Management,Integration Specialist,Networking,Asset Management,Ethical Decision-Making,Scope Management,Competitive Analysis,Proofreading,Scholarship Search Strategies,Global Education Trends
External Review,Problem Solving,Assessment Methods,Software Engineering,Leadership,Financial Software Proficiency,Economic Analysis,Quality Control,Critical Thinking,Research Proposal Editing,Student Advocacy,International Policy Advocacy
Policy Adherence,Ethical and Legal Considerations,Curriculum Alignment,Graphic Design,Communication Skills,Data Analysis,Interdisciplinary Collaboration,Resource Allocation,Problem Solving,Research Skills,Supervisors Communications Specialist,Cultural Sensitivity Training
Process Improvement,Budgeting and Resource Management,Educational Trends,Training Coordination,Data Analysis,Decision-Making,Advocacy,Change Management,Root Cause Analysis,Technical Writing,Test Preparation,International Research Collaboration
Program Evaluation,Stakeholder Engagement,Budget Management,Full-stack Development,Technical Proficiency,Accounting Principles,Conflict Resolution,Documentation,Hypothesis Testing,Thesis/Dissertation Editing,,International Accreditation Processes
Quality Assurance,Cross-functional Collaboration,Communication Skills,Data Management,Customer Relationship Management,Negotiation Skills,Policy Implementation,Reporting and Analytics,Experimental Design,Style Guide Adherence,,
Regulatory Compliance,Evaluation and Feedback Integration,Continuous Improvement,LMS Administration,Sales and Marketing,Capital Allocation,,Agile or Waterfall Methodologies,Data Visualisation,Creative Writing,,
Stakeholder Communication,Risk Management,Ethical Compliance,,Supply Chain Management,Financial Leadership,,Technical Proficiency,Synthesis of Findings,Content Creation,,