Australia,Western Sydney University
Australia,The University of Melbourne
Australia,Victoria University
Australia,University of Tasmania
Australia,Murdoch University
Australia,Australian Catholic University
Australia,Australian National University
Australia,Avondale University
Australia,Bond University
Australia,Carnegie Mellon University
Australia,Central Queensland University
Australia,Charles Darwin University
Australia,Charles Sturt University
Australia,Curtin University
Australia,Deakin University
Australia,Edith Cowan University
Australia,Federation University Australia
Australia,Flinders University
Australia,Griffith University
Australia,James Cook University
Australia,La Trobe University
Australia,Macquarie University
Australia,Monash University
Australia,Queensland University of Technology
Australia,RMIT University
Australia,Southern Cross University
Australia,Swinburne University of Technology
Australia,The University of Adelaide
Australia,The University of Newcastle
Australia,The University of Queensland
Australia,The University of Sydney
Australia,The University of Western Australia
Australia,Torrens University Australia
Australia,University of Canberra
Australia,University of Divinity
Australia,University of New England
Australia,University of New South Wales
Australia,University of Notre Dame Australia
Australia,University of South Australia
Australia,University of Southern Queensland
Australia,University of Technology Sydney
Australia,University of the Sunshine Coast
Australia,University of Wollongong
Canada,Alberta University of the Arts
Canada,Acadia University
Canada,Algoma University
Canada,Athabasca University
Canada,Bishop's University
Canada,Brandon University
Canada,Brock University
Canada,Cape Breton University
Canada,Capilano University
Canada,Carleton University
Canada,Concordia University
Canada,Dalhousie University
Canada,Emily Carr University of Art and Design
Canada,Kwantlen Polytechnic University
Canada,Lakehead University
Canada,MacEwan University
Canada,Mount Royal University
Canada,University of Alberta
Canada,University of Calgary
Canada,University of Lethbridge
Canada,Royal Roads University
Canada,Simon Fraser University
Canada,Thompson Rivers University
Canada,University of British Columbia
Canada,University of Victoria
Canada,University of the Fraser Valley
Canada,University of Northern British Columbia
Canada,Vancouver Island University
Canada,University College of the North
Canada,University of Manitoba
Canada,Université de Saint-Boniface
Canada,University of Winnipeg
Canada,Mount Allison University
Canada,St. Thomas University
Canada,University of New Brunswick
Canada,Université de Moncton
Canada,Memorial University of Newfoundland
Canada,Mount Saint Vincent University
Canada,Nova Scotia College of Art and Design University
Canada,Saint Francis Xavier University
Canada,Saint Mary's University
Canada,Université Sainte-Anne
Canada,University of King's College
Canada,Laurentian University
Canada,McMaster University
Canada,Nipissing University
Canada,Ontario College of Art and Design University
Canada,Queen's University at Kingston
Canada,Royal Military College of Canada 
Canada,Toronto Metropolitan University
Canada,Trent University
Canada,Université de Hearst
Canada,Université de l'Ontario français
Canada,Université de Sudbury
Canada,University of Guelph
Canada,Ontario Tech University
Canada,University of Ottawa 
Canada,University of Toronto
Canada,University of Waterloo
Canada,University of Western Ontario
Canada,University of Windsor
Canada,Wilfrid Laurier University
Canada,York University
Canada,University of Prince Edward Island
Canada,Ecole de technologie superieure
Canada,Ecole nationale d'administration publique
Canada,Institut national de la recherche scientifique
Canada,McGill University
Canada,Universite de Montreal
Canada,Universite de Sherbrooke
Canada,Universite du Quebec en Abitibi-Temiscamingue
Canada,Universite du Quebec en Outaouais
Canada,Universite du Quebec a Chicoutimi
Canada,Universite du Quebec a Montreal
Canada,Universite du Quebec a Rimouski
Canada,Universite du Quebec a Trois-Rivieres
Canada,Universite TELUQ
Canada,Universite Laval
Canada,University of Regina
Canada,University of Saskatchewan
Canada,Yukon University
Canada,Ambrose University
Canada,Booth University College
Canada,Burman University
Canada,Canadian Mennonite University
Canada,Concordia University of Edmonton
Canada,Crandall University
Canada,Kingswood University
Canada,Pacific Coast University for Workplace Health Sciences
Canada,Providence University College and Theological Seminary
Canada,Quest University
Canada,Redeemer University College
Canada,"St. Mary's University, Calgary"
Canada,St. Stephen's University
Canada,The King's University
Canada,Trinity Western University
Canada,Tyndale University
Canada,University Canada West
Canada,University of Fredericton
Canada,Yorkville University
US ,Alabama A&M University
US ,Alabama State University
US ,Athens State University
US ,Auburn University system
US ,Auburn University
US ,Auburn University at Montgomery
US ,Jacksonville State University
US ,Troy University
US ,University of Alabama System
US ,University of Alabama
US ,University of Alabama at Birmingham
US ,University of Alabama in Huntsville 
US ,University of Montevallo
US ,University of North Alabama 
US ,University of South Alabama
US ,University of West Alabama
US ,University of Alaska System
US ,University of Alaska Fairbanks
US ,University of Alaska Anchorage
US ,University of Alaska Southeast
US ,Arizona Board of Regents
US ,Arizona State University
US ,Northern Arizona University
US ,University of Arizona
US ,University of Arkansas
US ,University of Arkansas
US ,University of Arkansas–Fort Smith
US ,University of Arkansas at Little Rock
US ,University of Arkansas for Medical Sciences
US ,University of Arkansas at Monticello
US ,University of Arkansas at Pine Bluff
US ,Arkansas State University
US ,Arkansas State University
US ,Henderson State University
US ,Arkansas Tech University
US ,University of Central Arkansas
US ,Southern Arkansas University
US ,"University of California, Berkeley"
US ,"University of California, Davis"
US ,"University of California, Irvine"
US ,"University of California, Los Angeles"
US ,"University of California, Merced"
US ,"University of California, Riverside"
US ,"University of California, San Diego"
US ,"University of California, San Francisco"
US ,"University of California, Santa Barbara"
US ,"University of California, Santa Cruz"
US ,"University of California College of the Law, San Francisco"
US ,"California State University, Bakersfield"
US ,"California State University, Channel Islands"
US ,"California State University, Chico"
US ,"California State University, Dominguez Hills"
US ,"California State University, East Bay"
US ,"California State University, Fresno"
US ,"California State University, Fullerton"
US ,"California State Polytechnic University, Humboldt"
US ,"California State University, Long Beach"
US ,"California State University, Los Angeles"
US ,California Maritime Academy
US ,"California State University, Monterey Bay"
US ,"California State University, Northridge"
US ,"California State Polytechnic University, Pomona"
US ,"California State University, Sacramento"
US ,"California State University, San Bernardino"
US ,San Diego State University
US ,San Francisco State University
US ,San Jose State University
US ,"California Polytechnic State University, San Luis Obispo"
US ,"California State University, San Marcos"
US ,Sonoma State University
US ,"California State University, Stanislaus"
US ,Adams State University
US ,University of Colorado Boulder (Boulder – flagship/main campus)
US ,University of Colorado Colorado Springs (UCCS)
US ,University of Colorado Denver (CU-Denver)
US ,Colorado Mesa University
US ,Colorado School of Mines
US ,Colorado State University
US ,Colorado State University–Pueblo
US ,Fort Lewis College
US ,Metropolitan State University of Denver
US ,University of Northern Colorado
US ,Western Colorado University 
US ,Charter Oak State College
US ,Central Connecticut State University
US ,Eastern Connecticut State University
US ,Southern Connecticut State University
US ,Western Connecticut State Universit
US ,University of Connecticut 
US ,University of Delaware
US ,Delaware State University
US ,University of the District of Columbia 
US ,Florida A&M University
US ,Florida Atlantic University
US ,Florida Gulf Coast University
US ,Florida International University
US ,Florida Polytechnic University
US ,Florida State University
US ,New College of Florida
US ,University of Central Florida
US ,University of Florida
US ,University of North Florida
US ,University of South Florida
US ,University of South Florida Sarasota–Manatee
US ,University of South Florida St. Petersburg
US ,University of West Florida
US ,Broward College
US ,Chipola College
US ,College of Central Florida
US ,Daytona State College
US ,Eastern Florida State College
US ,Florida Gateway College
US ,Florida SouthWestern State College
US ,Florida State College at Jacksonville
US ,Gulf Coast State College
US ,Indian River State College
US ,Lake–Sumter State College
US ,Miami Dade College
US ,Northwest Florida State College
US ,Palm Beach State College
US ,Pasco–Hernando State College
US ,Pensacola State College
US ,Polk State College
US ,Santa Fe College
US ,Seminole State College of Florida
US ,South Florida State College
US ,St. Johns River State College
US ,St. Petersburg College
US ,"State College of Florida, Manatee–Sarasota"
US ,Tallahassee Community College
US ,Valencia College
US ,Abraham Baldwin Agricultural College
US ,Albany State University
US ,Atlanta Metropolitan State College
US ,Augusta University
US ,Clayton State University
US ,College of Coastal Georgia
US ,Columbus State University
US ,Dalton State College
US ,East Georgia State College
US ,Fort Valley State University
US ,Georgia College and State University
US ,Georgia Gwinnett College
US ,Georgia Highlands College
US ,Georgia Institute of Technology
US ,Georgia Southern University
US ,Georgia Southwestern State University
US ,Georgia State University
US ,Gordon State College
US ,Kennesaw State University
US ,Middle Georgia State University
US ,Savannah State University
US ,South Georgia State College
US ,University of Georgia
US ,University of North Georgia
US ,University of West Georgia
US ,Valdosta State University
US ,University of Guam
US ,University of Hawaiʻi at Mānoa: Hawaii or UH Mānoa
US ,University of Hawaiʻi at Hilo: UH Hilo
US ,University of Hawaiʻi Maui College: UH Maui College
US ,University of Hawaiʻi – West Oʻahu: UH West Oʻahu
US ,Boise State University
US ,University of Idaho
US ,Idaho State University
US ,Lewis–Clark State College
US ,Chicago State University
US ,Eastern Illinois University
US ,Governors State University
US ,Illinois State University
US ,University of Illinois Urbana-Champaign 
US ,University of Illinois Chicago
US ,University of Illinois Springfield
US ,Northeastern Illinois University
US ,Northern Illinois University
US ,Southern Illinois University Carbondale 
US ,Southern Illinois University Edwardsville 
US ,Western Illinois University
US ,Ball State University
US ,Indiana University Bloomington
US ,Indiana University East
US ,Indiana University Fort Wayne
US ,Indiana University Kokomo
US ,Indiana University Northwest
US ,Indiana University South Bend
US ,Indiana University Southeast
US ,Indiana University – Purdue University Columbus
US ,Indiana University – Purdue University Indianapolis
US ,Indiana State University
US ,Purdue University
US ,Purdue University Fort Wayne
US ,Purdue University Northwest 
US ,University of Southern Indiana (
US ,Vincennes University 
US ,University of Iowa
US ,Iowa State University
US ,University of Northern Iowa
US ,Emporia State University
US ,Fort Hays State University
US ,University of Kansas
US ,Kansas State University
US ,Pittsburg State University
US ,Wichita State University
US ,Eastern Kentucky University
US ,University of Kentucky
US ,Kentucky State University
US ,University of Louisville
US ,Morehead State University
US ,Murray State University
US ,Northern Kentucky University
US ,Western Kentucky University
US ,Louisiana State University
US ,Louisiana State University Agricultural Center
US ,Louisiana State University at Eunice
US ,Louisiana State University of Alexandria
US ,Louisiana State University Shreveport
US ,LSU Health Sciences Center New Orleans
US ,LSU Health Sciences Center Shreveport
US ,Paul M. Hebert Law Center 
US ,Pennington Biomedical Research Center
US ,Grambling State University
US ,Louisiana Tech University
US ,McNeese State University
US ,Nicholls State University
US ,Northwestern State University
US ,Southeastern Louisiana University
US ,University of Louisiana at Lafayette
US ,University of Louisiana at Monroe
US ,University of New Orleans
US ,Southern University
US ,Southern University at New Orleans 
US ,Southern University at Shreveport 
US ,Maine Maritime Academy
US ,University of Maine
US ,University of Maine School of Law
US ,University of Maine at Augusta
US ,University of Maine at Farmington
US ,University of Maine at Fort Kent
US ,University of Maine at Machias
US ,University of Maine at Presque Isle
US ,University of Southern Maine
US ,Morgan State University
US ,St. Mary's College of Maryland
US ,University System of Maryland
US ,Bowie State University
US ,Coppin State University
US ,Frostburg State University
US ,Salisbury University
US ,Towson University
US ,University of Baltimore
US ,"University of Maryland, Baltimore"
US ,"University of Maryland, Baltimore County"
US ,University of Maryland Eastern Shore
US ,University of Maryland Global Campus
US ,University of Maryland Center for Environmental Science
US ,University of Maryland Biotechnology Institute
US ,University of Massachusetts Amherst 
US ,University of Massachusetts Boston
US ,University of Massachusetts Dartmouth
US ,University of Massachusetts Lowell
US ,University of Massachusetts Medical School
US ,Bridgewater State University
US ,Fitchburg State University
US ,Framingham State University
US ,Salem State University
US ,Westfield State University
US ,Worcester State University
US ,Massachusetts College of Art and Design 
US ,Massachusetts College of Liberal Arts
US ,Massachusetts Maritime Academy
US ,Central Michigan University 
US ,Eastern Michigan University 
US ,Ferris State University 
US ,Grand Valley State University
US ,Lake Superior State University
US ,University of Michigan
US ,University of Michigan–Dearborn
US ,University of Michigan–Flint
US ,Michigan State University
US ,Michigan Technological University
US ,Northern Michigan University
US ,Oakland University
US ,Saginaw Valley State University
US ,Wayne State University
US ,Western Michigan University
US ,Bemidji State University
US ,"Minnesota State University, Mankato"
US ,Minnesota State University Moorhead
US ,Metropolitan State University
US ,Southwest Minnesota State University
US ,St. Cloud State University
US ,Winona State University
US ,University of Minnesota
US ,University of Minnesota Crookston
US ,University of Minnesota Duluth
US ,University of Minnesota Morris
US ,University of Minnesota Rochester
US ,Alcorn State University
US ,Delta State University
US ,Jackson State University
US ,Mississippi State University
US ,Mississippi University for Women
US ,Mississippi Valley State University
US ,University of Mississippi
US ,University of Southern Mississippi
US ,University of Central Missouri
US ,Harris–Stowe State University
US ,Lincoln University of Missouri
US ,University of Missouri 
US ,University of Missouri–Kansas City
US ,Missouri University of Science and Technology
US ,University of Missouri–St. Louis
US ,Missouri Southern State University
US ,Missouri State University
US ,Missouri Western State University
US ,Northwest Missouri State University
US ,Southeast Missouri State University
US ,Truman State University
US ,Montana State University
US ,Montana State University Billings
US ,Montana State University–Northern
US ,University of Montana
US ,Montana Technological University
US ,University of Montana Western
US ,Chadron State College
US ,Peru State College
US ,Wayne State College
US ,University of Nebraska–Lincoln
US ,University of Nebraska at Kearney
US ,University of Nebraska Omaha 
US ,University of Nebraska Medical Center
US ,"University of Nevada, Reno"
US ,College of Southern Nevada 
US ,Great Basin College
US ,Nevada State College
US ,"University of Nevada, Las Vegas"
US ,Western Nevada College
US ,Truckee Meadows Community College
US ,Granite State College
US ,Keene State College
US ,Plymouth State University
US ,University of New Hampshire
US ,The College of New Jersey
US ,Kean University
US ,Montclair State University
US ,New Jersey City University
US ,New Jersey Institute of Technology
US ,Ramapo College of New Jersey
US ,Rowan University
US ,Rutgers University–New Brunswick 
US ,Rutgers University–Newark
US ,Rutgers University–Camden
US ,Stockton University
US ,Thomas Edison State University
US ,William Paterson University of New Jersey
US ,Eastern New Mexico University
US ,University of New Mexico
US ,New Mexico Highlands University
US ,New Mexico State University
US ,New Mexico Institute of Mining and Technology
US ,Northern New Mexico College
US ,Western New Mexico University
US ,State University of New York
US ,The State University of New York at Buffalo 
US ,University at Albany 
US ,Binghamton University
US ,Stony Brook University 
US ,Health Science Center Brooklyn
US ,State University of New York Upstate Medical University
US ,State University of New York Polytechnic Institute 
US ,New York State College of Ceramics 
US ,College of Agriculture and Life Sciences 
US ,College of Human Ecology
US ,College of Veterinary Medicine 
US ,School of Industrial and Labor Relations
US ,State University of New York College of Environmental Science and Forestry
US ,State University of New York State College of Optometry
US ,Buffalo State University
US ,Empire State College
US ,State University of New York at Brockport
US ,State University of New York at Cortland
US ,State University of New York at Fredonia
US ,State University of New York at Geneseo
US ,State University of New York at New Paltz
US ,State University of New York at Old Westbury
US ,State University of New York at Oneonta
US ,State University of New York at Oswego
US ,State University of New York at Plattsburgh
US ,State University of New York at Potsdam
US ,State University of New York at Purchase
US ,Alfred State College
US ,Fashion Institute of Technology
US ,State University of New York at Canton
US ,State University of New York at Cobleskill
US ,State University of New York at Delhi
US ,State University of New York at Farmingdale
US ,Morrisville State College
US ,State University of New York Maritime College
US ,City University of New York 
US ,Baruch College
US ,Brooklyn College
US ,City College of New York
US ,College of Staten Island
US ,Hunter College
US ,John Jay College of Criminal Justice
US ,Lehman College
US ,Medgar Evers College
US ,New York City College of Technology
US ,Queens College
US ,York College
US ,Appalachian State University
US ,East Carolina University
US ,Elizabeth City State University
US ,Fayetteville State University
US ,North Carolina A&T State University
US ,North Carolina Central University
US ,North Carolina State University
US ,University of North Carolina at Asheville
US ,University of North Carolina at Chapel Hill
US ,University of North Carolina at Charlotte
US ,University of North Carolina at Greensboro
US ,University of North Carolina at Pembroke
US ,University of North Carolina at Wilmington
US ,University of North Carolina School of the Arts
US ,Western Carolina University
US ,Winston-Salem State University
US ,Dickinson State University
US ,Mayville State University
US ,Minot State University
US ,University of North Dakota
US ,North Dakota State University
US ,Valley City State University
US ,Northern Marianas College
US ,University of Akron
US ,Bowling Green State University
US ,Central State University
US ,University of Cincinnati
US ,Cleveland State University
US ,Kent State University
US ,Miami University
US ,Northeast Ohio Medical University
US ,Ohio State University
US ,Ohio University
US ,Shawnee State University
US ,University of Toledo
US ,Wright State University
US ,Youngstown State University
US ,Cameron University
US ,East Central University
US ,Langston University
US ,Northeastern State University
US ,Northwestern Oklahoma State University
US ,University of Oklahoma
US ,University of Oklahoma-Tulsa Schusterman Center
US ,University of Oklahoma Health Sciences Center
US ,Oklahoma Panhandle State University
US ,Oklahoma State University
US ,Oklahoma State University Center for Health Sciences
US ,Oklahoma State University Institute of Technology
US ,Oklahoma State University–Oklahoma City
US ,Oklahoma State University–Tulsa
US ,Rogers State University
US ,University of Science and Arts of Oklahoma
US ,Southeastern Oklahoma State University
US ,Southwestern Oklahoma State University
US ,University of Central Oklahoma
US ,Eastern Oregon University 
US ,Oregon Health & Science University
US ,Oregon Institute of Technology
US ,Oregon State University
US ,Oregon State University-Cascades
US ,Portland State University
US ,Southern Oregon University
US ,University of Oregon
US ,Western Oregon University
US ,Bloomsburg University of Pennsylvania
US ,California University of Pennsylvania
US ,Cheyney University of Pennsylvania
US ,Clarion University of Pennsylvania
US ,East Stroudsburg University of Pennsylvania
US ,Edinboro University of Pennsylvania
US ,Indiana University of Pennsylvania
US ,Kutztown University of Pennsylvania
US ,Lock Haven University of Pennsylvania
US ,Mansfield University of Pennsylvania
US ,Millersville University of Pennsylvania
US ,Shippensburg University of Pennsylvania
US ,Slippery Rock University of Pennsylvania
US ,West Chester University of Pennsylvania
US ,Lincoln University
US ,Pennsylvania State University
US ,Penn State University Park
US ,Penn State Abington
US ,Penn State Altoona
US ,Penn State Berks
US ,Penn State Beaver
US ,Penn State Brandywine
US ,Penn State College of Medicine
US ,Penn State Dickinson Law
US ,Penn State DuBois
US ,"Penn State Erie, The Behrend College"
US ,Penn State Fayette
US ,Penn State Great Valley
US ,Penn State Greater Allegheny
US ,Penn State Harrisburg
US ,Penn State Hazleton
US ,Penn State Lehigh Valley
US ,Penn State Mont Alto
US ,Penn State New Kensington
US ,Penn State Schuylkill
US ,Penn State Scranton
US ,Penn State Shenango
US ,Penn State Wilkes-Barre
US ,Penn State World Campus
US ,Penn State York
US ,Temple University
US ,Temple University Ambler 
US ,University of Pittsburgh
US ,University of Pittsburgh at Bradford
US ,University of Pittsburgh at Greensburg
US ,University of Pittsburgh at Johnstown
US ,University of Pittsburgh at Titusville
US ,University of Puerto Rico
US ,University of Puerto Rico at Mayagüez
US ,University of Puerto Rico at Arecibo
US ,University of Puerto Rico at Bayamón
US ,University of Puerto Rico at Carolina
US ,University of Puerto Rico at Cayey
US ,University of Puerto Rico at Humacao
US ,University of Puerto Rico at Aguadilla
US ,University of Puerto Rico at Ponce
US ,University of Puerto Rico at Utuado
US ,"University of Puerto Rico, Medical Sciences Campus"
US ,Escuela de Artes Plásticas y Diseño de Puerto Rico
US ,Conservatory of Music of Puerto Rico
US ,Rhode Island College 
US ,University of Rhode Island
US ,The Citadel
US ,Clemson University
US ,Coastal Carolina University
US ,College of Charleston
US ,Francis Marion University
US ,Lander University
US ,Medical University of South Carolina
US ,University of South Carolina System
US ,University of South Carolina
US ,University of South Carolina Aiken
US ,University of South Carolina Beaufort
US ,University of South Carolina Lancaster
US ,University of South Carolina Salkehatchie
US ,University of South Carolina Sumter
US ,University of South Carolina Union
US ,University of South Carolina Upstate
US ,South Carolina State University
US ,Winthrop University
US ,Black Hills State University
US ,Dakota State University
US ,Northern State University
US ,University of South Dakota 
US ,South Dakota School of Mines and Technology
US ,South Dakota State University
US ,Austin Peay State University 
US ,East Tennessee State University
US ,Middle Tennessee State University
US ,Tennessee State University
US ,Tennessee Technological University
US ,University of Memphis 
US ,University of Tennessee
US ,University of Tennessee at Knoxville
US ,University of Tennessee at Chattanooga
US ,University of Tennessee at Martin
US ,University of Tennessee Health Science Center
US ,University of Tennessee Southern
US ,University of Tennessee Space Institute
US ,University of Houston
US ,University of Houston
US ,University of Houston–Clear Lake
US ,University of Houston–Downtown
US ,University of Houston–Victoria
US ,University of North Texas 
US ,University of North Texas
US ,University of North Texas at Dallas
US ,University of North Texas Health Science Center
US ,The University of Texas at Arlington
US ,The University of Texas at Austin 
US ,The University of Texas at Dallas
US ,The University of Texas at El Paso
US ,The University of Texas Permian Basin
US ,The University of Texas Rio Grande Valley
US ,The University of Texas at San Antonio
US ,The University of Texas at Tyler
US ,University of Texas MD Anderson Cancer Center
US ,University of Texas Medical Branch
US ,University of Texas Southwestern Medical Center
US ,University of Texas Health Science Center at Houston 
US ,University of Texas Health Science Center at San Antonio
US ,University of Texas Health Science Center at Tyler
US ,Texas A&M University 
US ,Prairie View A&M University
US ,Tarleton State University
US ,Texas A&M International University
US ,Texas A&M University–Central Texas
US ,Texas A&M University–Commerce
US ,Texas A&M University–Corpus Christi
US ,Texas A&M University–Kingsville
US ,Texas A&M University–San Antonio
US ,Texas A&M University–Texarkana
US ,West Texas A&M University
US ,Texas State University
US ,Lamar University
US ,Sam Houston State University
US ,Sul Ross State University
US ,Texas State University
US ,Texas Tech University 
US ,Angelo State University
US ,Midwestern State University
US ,Texas Tech University
US ,Texas Tech University Health Sciences Center
US ,Texas Tech University Health Sciences Center El Paso
US ,Snow College 
US ,Southern Utah University
US ,University of Utah
US ,Utah State University
US ,Utah State University Eastern
US ,Utah Tech University
US ,Utah Valley University
US ,Weber State University
US ,"Vermont State University Castleton, Johnson, Lyndon, and Randolph"
US ,University of Vermont 
US ,Christopher Newport University
US ,Eastern Virginia Medical School
US ,George Mason University
US ,James Madison University
US ,Longwood University
US ,University of Mary Washington
US ,Norfolk State University
US ,Old Dominion University
US ,Radford University
US ,University of Virginia
US ,University of Virginia's College at Wise
US ,Virginia Commonwealth University
US ,Virginia Military Institute
US ,Virginia Polytechnic Institute and State University
US ,Virginia State University
US ,The College of William & Mary
US ,University of the Virgin Islands – St. Croix campus 
US ,University of the Virgin Islands
US ,Central Washington University 
US ,Eastern Washington University 
US ,Evergreen State College
US ,University of Washington
US ,Washington State University
US ,Washington State University Everett
US ,Washington State University Spokane
US ,Washington State University Tri-Cities
US ,Washington State University Vancouver
US ,Washington State University Global Campus
US ,Western Washington University
US ,Bluefield State University
US ,Concord University
US ,Fairmont State University
US ,Glenville State University
US ,Marshall University
US ,Shepherd University
US ,West Liberty University
US ,West Virginia University at Parkersburg
US ,West Virginia University
US ,Potomac State College of West Virginia University 
US ,West Virginia University Institute of Technology 
US ,West Virginia School of Osteopathic Medicine
US ,West Virginia State University
US ,University of Wisconsin–Madison 
US ,University of Wisconsin–Eau Claire
US ,University of Wisconsin–Green Bay
US ,University of Wisconsin–La Crosse
US ,University of Wisconsin–Milwaukee
US ,University of Wisconsin–Oshkosh
US ,University of Wisconsin–Parkside
US ,University of Wisconsin–Platteville
US ,University of Wisconsin–River Falls
US ,University of Wisconsin–Stevens Point
US ,University of Wisconsin–Stout
US ,University of Wisconsin–Superior
US ,University of Wisconsin–Whitewater
US ,University of Wyoming
Malaysia,University of Malaya
Malaysia,Universiti Sains Malaysia
Malaysia,National University of Malaysia
Malaysia,International Islamic University Malaysia
Malaysia,University of Malaysia Kelantan
Malaysia,University of Malaysia Pahang
Malaysia,University of Malaysia Perlis
Malaysia,University of Malaysia Sabah
Malaysia,University of Malaysia Sarawak
Malaysia,University of Malaysia Terengganu
Malaysia,Sultan Idris Education University
Malaysia,National Defence University of Malaysia
Malaysia,University of Putra Malaysia
Malaysia,Islamic Science University of Malaysia
Malaysia,Sultan Zainal Abidin University
Malaysia,Technical University of Malaysia Malacca
Malaysia,University of Technology Malaysia
Malaysia,MARA University of Technology
Malaysia,Tun Hussein Onn University of Malaysia
Malaysia,Northern University of Malaysia
Malaysia,Al-Madinah International University
Malaysia,Asia e University
Malaysia,Asia Metropolitan University
Malaysia,Asia Pacific University of Technology & Innovation
Malaysia,Binary University
Malaysia,City University
Malaysia,"Curtin University, Malaysia"
Malaysia,DRB-HICOM University of Automotive Malaysia
Malaysia,GlobalNxt University
Malaysia,Heriot-Watt University Malaysia
Malaysia,Infrastructure University Kuala Lumpur[
Malaysia,International Medical University
Malaysia,INTI International University
Malaysia,Limkokwing University of Creative Technology
Malaysia,MAHSA University
Malaysia,Malaysia University of Science and Technology
Malaysia,Management & Science University
Malaysia,Manipal International University
Malaysia,Monash University Malaysia
Malaysia,Multimedia University[
Malaysia,Newcastle University Medicine Malaysia
Malaysia,Nilai University
Malaysia,Open University Malaysia
Malaysia,Perdana University
Malaysia,Quest International University Perak
Malaysia,Raffles University Iskandar
Malaysia,Royal College of Surgeons in Ireland and University College Dublin Malaysia Campus
Malaysia,SEGi University
Malaysia,Sunway University
Malaysia,Swinburne University of Technology Sarawak Campus
Malaysia,Taylor's University
Malaysia,Tunku Abdul Rahman University of Management and Technology
Malaysia,Tun Abdul Razak University
Malaysia,UCSI University
Malaysia,UNITAR International University
Malaysia,Islamic University of Malaysia
Malaysia,University of Kuala Lumpur
Malaysia,University of Selangor
Malaysia,University Technology of Sarawak
Malaysia,Sultan Abdul Halim Mu'adzam Shah International Islamic University
Malaysia,Sultan Azlan Shah University
Malaysia,Universiti Teknologi PETRONAS
Malaysia,National Energy University
Malaysia,University Tunku Abdul Rahman
Malaysia,University Malaysia of Computer Science & Engineering
Malaysia,University of Nottingham Malaysia Campus
Malaysia,University of Reading Malaysia Campus
Malaysia,University of Southampton Malaysia Campus
Malaysia,Wawasan Open University
Malaysia,University of Cyberjaya
Malaysia,Xiamen University Malaysia
Malaysia,University College TATI
Malaysia,Berjaya University College
Malaysia,First City University College
Malaysia,Han Chiang University College of Communication[
Malaysia,Saito University College
Malaysia,UOW Malaysia
Malaysia,International Islamic University College Selangor
Malaysia,University College of Islam Melaka
Malaysia,Kuala Lumpur Metropolitan University College
Malaysia,Lincoln University College
Malaysia,Linton University College
Malaysia,New Era University College
Malaysia,Southern University College
Malaysia,Twintech International University College of Technology[
Malaysia,Widad University College
Malaysia,University College Sabah Foundation
Malaysia,Jesselton University College
UK,University of Aberdeen
UK,"Abertay University, Dundee"
UK,Aberystwyth University
UK,"Anglia Ruskin University, Cambridge, Chelmsford, Peterborough and London"
UK,Arden University
UK,"Aston University, Birmingham"
UK,Bangor University
UK,University of Bath
UK,Bath Spa University
UK,"University of Bedfordshire, Luton and Bedford"
UK,BIMM University
UK,University of Birmingham
UK,Birmingham City University
UK,University College Birmingham
UK,"Bishop Grosseteste University, Lincoln"
UK,University of Bolton
UK,The Arts University Bournemouth
UK,Bournemouth University
UK,BPP University
UK,University of Bradford
UK,University of Brighton
UK,University of Bristol
UK,"Brunel University, Uxbridge and London"
UK,University of Buckingham
UK,"Buckinghamshire New University, High Wycombe"
UK,University of Cambridge
UK,"Canterbury Christ Church University, Canterbury, Thanet, Tunbridge Wells and Chatham"
UK,Cardiff Metropolitan University
UK,Cardiff University
UK,"University of Chester, Chester and Warrington"
UK,University of Chichester
UK,Coventry University
UK,Cranfield University
UK,"University for the Creative Arts, Canterbury, Epsom, Farnham, Maidstone and Rochester"
UK,"University of Cumbria, Carlisle (main campus), London, Lancaster, Penrith and Ambleside"
UK,"De Montfort University, Leicester"
UK,University of Derby
UK,University of Dundee
UK,Durham University
UK,"University of East Anglia, Norwich"
UK,University of East London
UK,"Edge Hill University, Ormskirk, Lancashire"
UK,University of Edinburgh
UK,Edinburgh Napier University
UK,"University of Essex, Colchester and Southend-on-Sea"
UK,University of Exeter
UK,Falmouth University
UK,University of Glasgow
UK,Glasgow Caledonian University
UK,"University of Gloucestershire, Cheltenham, Gloucester and London"
UK,University of Greenwich
UK,"Harper Adams University, Newport, Shropshire"
UK,"Hartpury University, Gloucestershire"
UK,"Heriot-Watt University, Edinburgh and Galashiels"
UK,"University of Hertfordshire, Hatfield"
UK,"University of the Highlands & Islands, Inverness (main campus), Elgin, Perth & across north and western Scotland"
UK,"University of Huddersfield, Huddersfield & Barnsley"
UK,University of Hull
UK,Imperial College London
UK,"Keele University, Staffordshire"
UK,"University of Kent, Canterbury and Medway"
UK,Kingston University
UK,"University of Central Lancashire, Preston and Burnley"
UK,Lancaster University
UK,University of Leeds
UK,Leeds Arts University
UK,Leeds Beckett University
UK,Leeds Trinity University
UK,University of Leicester
UK,"University of Lincoln, Lincoln, Riseholme and Holbeach"
UK,University of Liverpool
UK,Liverpool Hope University
UK,Liverpool John Moores University
UK,University of London
UK,London Metropolitan University
UK,London School of Economics
UK,London South Bank University
UK,Loughborough University
UK,University of Manchester
UK,Manchester Metropolitan University
UK,"Middlesex University, London"
UK,Newcastle University
UK,"Newman University, Birmingham"
UK,University of Northampton
UK,Northeastern University – London
UK,"Northumbria University, Newcastle upon Tyne"
UK,Norwich University of the Arts
UK,University of Nottingham
UK,Nottingham Trent University
UK,"The Open University, Milton Keynes"
UK,University of Oxford
UK,Oxford Brookes University
UK,Plymouth Marjon University
UK,Arts University Plymouth
UK,University of Plymouth
UK,University of Portsmouth
UK,"Queen Margaret University, Edinburgh"
UK,Queen's University Belfast
UK,Ravensbourne University London
UK,University of Reading
UK,Regent's University London
UK,Richmond American University London
UK,"The Robert Gordon University, Aberdeen"
UK,"Roehampton University, London"
UK,"Royal Agricultural University, Cirencester"
UK,"Royal Holloway, University of London"
UK,University of Salford
UK,University of Sheffield
UK,Sheffield Hallam University
UK,University of South Wales
UK,University of Southampton
UK,"Solent University, Southampton"
UK,University of St Andrews
UK,"St George's, University of London"
UK,"St Mary's University, Twickenham"
UK,"Staffordshire University, Stoke-on-Trent, Stafford and Lichfield"
UK,"University of Stirling, Bridge of Allan"
UK,University of Strathclyde
UK,"University of Suffolk, Ipswich, Bury St Edmunds, Great Yarmouth, Lowestoft"
UK,University of Sunderland
UK,"University of Surrey, Guildford"
UK,"University of Sussex, Brighton"
UK,Swansea University
UK,"Teesside University, Middlesbrough and Darlington"
UK,"University of Ulster, Belfast"
UK,University of the Arts London
UK,"Ulster University, Coleraine, Jordanstown, Magee and Belfast"
UK,University of Law
UK,University of Wales
UK,"University of Wales, Trinity Saint David"
UK,"University of Warwick, Coventry"
UK,"University of the West of England, Bristol"
UK,"University of the West of Scotland, Paisley, Hamilton, Ayr & Dumfries"
UK,"University of West London, Ealing and Brentford"
UK,"University of Westminster, London"
UK,University of Winchester
UK,University of Wolverhampton
UK,University of Worcester
UK,Wrexham University
UK,University of York
UK,York St John University
UK,AECC University College
UK,London Institute of Banking and Finance
UK,"University College of Estate Management, Reading"
UK,"University College of Osteopathy, London"
UK,Writtle University College
UK,"Birkbeck, University of London"
UK,"City, University of London"
UK,Royal Central School of Speech and Drama
UK,Courtauld Institute of Art
UK,"Goldsmiths, University of London"
UK,Institute of Cancer Research
UK,King's College London
UK,University College London
UK,The King's Building of King's College London
UK,London Business School
UK,London School of Economics and Political Science
UK,London School of Hygiene and Tropical Medicine
UK,"Queen Mary, University of London"
UK,Royal Academy of Music
UK,"Royal Holloway, University of London"
UK,Royal Veterinary College
UK,"St George's, University of London"
UK,School of Oriental and African Studies
New Zealand,Auckland University of Technology
New Zealand,Lincoln University
New Zealand,Massey University
New Zealand,University of Auckland
New Zealand,University of Canterbury
New Zealand,University of Otago
New Zealand,University of Waikato
New Zealand,Victoria University of Wellington
China,Hefei University of Technology
China,University of Science and Technology of China
China,Anhui Agricultural University
China,Anhui Jianzhu University
China,Anhui Medical University
China,Anhui Normal University
China,Anhui Polytechnic University
China,Anhui University
China,Anhui University of Chinese Medicine
China,Anhui University of Finance and Economics
China,Anhui University of Science and Technology
China,Anhui University of Technology
China,Anqing Normal University
China,Bengbu Medical College
China,Chaohu University
China,Fuyang Normal University
China,Hefei Normal University
China,Hefei University
China,Huaibei Normal University
China,Huainan United University
China,Huangshan University
China,Wannan Medical College
China,West Anhui University
China,Anhui Science and Technology University
China,Bengbu University
China,Chizhou University
China,Chuzhou University
China,Huainan Normal University
China,Suzhou University
China,Tongling University
China,Huaqiao University
China,Xiamen University
China,Jimei University 
China,Xiamen University of Technology
China,Longyan University
China,Minnan Normal University 
China,Putian University
China,Quanzhou Normal University
China,Sanming University
China,Wuyi University
China,Fujian Agriculture and Forestry University 
China,Fujian University of Traditional Chinese Medicine 
China,Minjiang University 
China,Fujian Medical University 
China,Fujian Normal University 
China,Fujian University of Technology 
China,Fuzhou University
China,Yang-en University
China,National Quemoy University
China,Peking University
China,Renmin University of China
China,Tsinghua University
China,Beijing Jiaotong University
China,Beijing University of Technology
China,Beihang University
China,Beijing Institute of Technology
China,University of Science and Technology Beijing
China,Capital University of Economics and Business
China,North China University of Technology
China,Beijing University of Chemical Technology
China,Beijing Technology and Business University
China,Beijing Institute of Fashion Technology
China,Beijing University of Posts and Telecommunications
China,Beijing Institute of Graphic Communication
China,Beijing University of Civil Engineering and Architecture
China,Beijing Institute of Petrochemical Technology
China,Beijing Electronic Science and Technology Institute
China,China Agricultural University
China,Beijing University of Agriculture
China,Beijing Forestry University
China,Peking Union Medical College
China,Capital Medical University
China,Beijing University of Chinese Medicine
China,Beijing Normal University
China,Capital Normal University
China,Capital University of Physical Education and Sports
China,Beijing Foreign Studies University
China,Beijing International Studies University
China,Beijing Language and Culture University
China,Communication University of China
China,Central University of Finance and Economics
China,University of International Business and Economics
China,Beijing Materials University
China,Capital University of Economics and Business
China,China Foreign Affairs University
China,Chinese People's Public Security University
China,University of International Relations
China,Beijing Sport University
China,Central Conservatory of Music
China,China Conservatory of Music
China,Central Academy of Fine Arts
China,Central Academy of Drama
China,National Academy of Chinese Theatre Arts
China,Beijing Film Academy
China,Beijing Dance Academy
China,Minzu University of China
China,China University of Political Science and Law
China,North China Electric Power University
China,China Women's University
China,Beijing Information Science and Technology University
China,China University of Mining and Technology (Beijing)
China,China University of Petroleum (Beijing)
China,China University of Geosciences (Beijing)
China,Beijing Union University
China,Beijing City University
China,China Youth University for Political Sciences
China,Shougang Institute of Technology
China,China Institute of Industrial Relations
China,Beijing Geely University
China,"Kede College, Capital Normal University"
China,"Canvard College, Beijing Technology and Business University"
China,"Century College, Beijing University of Posts and Telecommunications"
China,"Gengdan Institute, Beijing University of Technology"
China,Beijing People's Police College
China,"Beijing Hospitality Institute, Beijing International Studies University"
China,University of Chinese Academy of Sciences
China,University of Chinese Academy of Social Sciences
China,Fudan University
China,Tongji University
China,Shanghai Jiao Tong University
China,East China University of Science and Technology
China,University of Shanghai for Science and Technology
China,Shanghai Maritime University
China,Donghua University
China,Shanghai Institute of Technology
China,Shanghai University of Medicine & Health Sciences
China,Shanghai Ocean University
China,Shanghai University of Traditional Chinese Medicine
China,East China Normal University
China,Shanghai Normal University
China,Shanghai International Studies University
China,Shanghai University of Finance and Economics
China,Shanghai University of International Business and Economics
China,Shanghai Customs College
China,East China University of Political Science and Law
China,Shanghai University of Sport
China,Shanghai Conservatory of Music
China,Shanghai Theatre Academy
China,Shanghai University
China,Shanghai University of Engineering Science
China,Shanghai Lixin University of Accounting and Finance
China,Shanghai Dianji University
China,Sanda University
China,Shanghai University of Political Science and Law
China,Shanghai Second Polytechnic University
China,Shanghai Business School
China,Shanghai Jian Qiao University
China,Xing Wei College
China,Shanghai Institute of Visual Arts
China,"Xianda College of Economics and Humanities, Shanghai International Studies University"
China,"Tianhua College, Shanghai Normal University"
China,ShanghaiTech University
China,New York University Shanghai
China,Chongqing University
China,Chongqing University of Posts and Telecommunications
China,Chongqing Jiaotong University
China,Chongqing Medical University
China,Southwest University
China,Chongqing Normal University
China,Chongqing University of Arts and Science
China,Chongqing Three Gorges University
China,Yangtze Normal University
China,Sichuan International Studies University
China,Southwest University of Political Science and Law
China,Sichuan Fine Arts Institute
China,Chongqing University of Science and Technology
China,Chongqing University of Technology
China,Chongqing Technology and Business University
China,Chongqing Institute of Engineering
China,"City College of Science and Technology, Chongqing University"
China,Chongqing Police College
China,"Chongqing College of Humanities, Science and Technology"
China,"Chongqing Nanfang Translators College, Sichuan International Studies University"
China,"Foreign Trade and Business College, Chongqing Normal University"
China,"Rongzhi College, Chongqing Technology and Business University"
China,"Pass College, Chongqing Technology and Business University"
China,"College of Mobile Telecommunications, Chongqing University of Posts and Telecommunications"
China,Chongqing University of Education
China,Nankai University
China,Tianjin University
China,Tianjin University of Science and Technology
China,Tianjin Polytechnic University
China,Civil Aviation University of China
China,Tianjin University of Technology
China,Tianjin Agricultural University
China,Tianjin Medical University
China,Tianjin University of Traditional Chinese Medicine
China,Tianjin Normal University
China,Tianjin University of Technology and Education
China,Tianjin Foreign Studies University
China,Tianjin University of Commerce
China,Tianjin University of Finance and Economics
China,Tianjin University of Sport
China,Tianjin Conservatory of Music
China,Tianjin Academy of Fine Arts
China,Tianjin Chengjian University
China,Tianshi College
China,Tianjin Sino-German University of Applied Sciences
China,"Binhai School of Foreign Affairs, Tianjin Foreign Studies University"
China,"Art and Culture College, Tianjin University of Sport"
China,"Boustead College, Tianjin University of Commerce"
China,"Clinical Medical College, Tianjin Medical University"
China,"Binhai College, Nankai University"
China,"Jingu College, Tianjin Normal University"
China,"Zhonghuan Information College, Tianjin University of Technology"
China,"Tianjin College, University of Science and Technology Beijing"
China,"Renai College, Tianjin University"
China,Pearl River College
China,Lanzhou University
China,Northwest University for Nationalities
China,Northwest Normal University
China,Lanzhou University of Technology
China,Lanzhou Jiaotong University
China,Gansu Agricultural University
China,Gansu University of Traditional Chinese Medicine
China,Lanzhou University of Finance and Economics
China,Gansu Political Science and Law Institute 
China,Tianshui Normal Institute 
China,Hexi Institute 
China,Longdong College
China,Gansu Institute of Administration
China,Lanzhou Institute of Technology
China,Sun Yat-sen University
China,Jinan University
China,South China University of Technology
China,Southern University of Science and Technology
China,Shenzhen University
China,Shenzhen Technology University
China,Guangdong University of Technology
China,Wuyi University
China,Shantou University
China,South China Agricultural University
China,Guangdong Ocean University
China,Guangzhou Medical University
China,Guangdong Medical University
China,Guangzhou University of Chinese Medicine
China,Guangdong Pharmaceutical University
China,South China Normal University
China,Guangdong University of Foreign Studies
China,Southern Medical University
China,Guangdong Polytechnic Normal University
China,Guangdong University of Finance and Economics
China,"The Chinese University of Hong Kong, Shenzhen"
China,Shenzhen MSU-BIT University
China,"Beijing Normal University, Zhuhai"
China,"Nanfang College, Sun Yat-Sen University"
China,"Beijing Institute of Technology, Zhuhai"
China,Tsinghua Shenzhen International Graduate School
China,Tsinghua-Berkeley Shenzhen Institute
China,Peking University Shenzhen Graduate School
China,Harbin Institute of Technology (Shenzhen)
China,BNU-HKBU United International College
China,"Zhuhai College, Jilin University"
China,"Guangzhou College, South China University of Technology"
China,"Sonton College, Guangzhou University"
China,"Huali College, Guangdong University of Technology"
China,"Zhujiang College, South China Agricultural University"
China,"Cunjin College, Guangdong Ocean University"
China,Shaoguan University
China,Huizhou University
China,Hanshan Normal University
China,Lingnan Normal University
China,Zhaoqing University
China,Jiaying University
China,Guangzhou Sport University
China,Guangzhou Academy of Fine Arts
China,Xinghai Conservatory of Music
China,Guangdong Baiyun University
China,Guangzhou University
China,Guangzhou Maritime Institute
China,Guangdong Police College
China,Zhongkai University of Agriculture and Engineering
China,Guangdong University of Finance
China,Guangdong University of Petrochemical Technology
China,Dongguan University of Technology
China,Foshan University
China,Guangdong Peizheng College
China,Neusoft Institute Guangdong
China,Guangzhou College of Commerce
China,Guangzhou College of Technology and Business
China,Guangdong University of Science and Technology
China,Guangdong Polytechnic College
China,"City College, Dongguan University of Technology"
China,Guangdong Technion-Israel Institute of Technology
China,Guizhou University
China,Guizhou Medical University
China,Zunyi Medical College
China,Guiyang College of Traditional Chinese Medicine
China,Guizhou Normal University
China,Zunyi Normal University
China,Tongren University
China,Xingyi Normal University for Nationalities
China,Anshun University
China,Guizhou University of Engineering Science
China,Kaili University
China,Qiannan Normal College for Nationalities
China,Guizhou University of Finance and Economics
China,Guizhou Minzu University
China,Guiyang University
China,Liupanshui Normal University
China,Guizhou University of Commerce
China,Guizhou Police College
China,"Shizhen Institute, Guiyang College of Traditional Chinese Medicine"
China,"Business College, Guizhou University of Finance and Economics"
China,"College of Science and Technology, Guizhou University"
China,"Mingde College, Guizhou University"
China,"College of Humanities and Science, Guizhou Minzu University"
China,"Qiushi College, Guizhou Normal University"
China,"School of Medicine and Science, Zunyi Medical College"
China,"Shenqi Ethnic Medical College, Guizhou Medical University"
China,Guizhou Normal College
China,Guizhou Institute of Technology
China,Moutai University
China,Hainan University
China,Hainan Medical University
China,Hainan Normal University
China,Hainan Tropical Ocean University
China,Qiongtai Normal University
China,Haikou University of Economics
China,University of Sanya
China,Hebei University
China,Hebei University of Engineering
China,Hebei GEO University
China,Hebei University of Technology
China,North China University of Science and Technology
China,Hebei University of Science and Technology
China,Hebei University of Architecture
China,Hebei University of Water Resources and Electric Engineering
China,Hebei Agricultural University
China,Hebei Medical University
China,Hebei North University
China,Chengde Medical University
China,Hebei Normal University
China,Baoding University
China,Hebei Normal University for Nationalities
China,Tangshan Normal University
China,Langfang Teachers University
China,Hengshui University
China,Shijiazhuang University
China,Handan College
China,Xingtai University
China,Cangzhou Normal University
China,Shijiazhuang Tiedao University
China,Yanshan University
China,Hebei Normal University of Science and Technology
China,Tangshan University
China,North China Institute of Science and Technology
China,Chinese People's Armed Police Force Academy
China,Hebei Institute of Physical Education
China,Hebei Finance University
China,North China Institute of Aerospace Engineering
China,Institute of Disaster Prevention
China,Hebei University of Economics and Business
China,Central Institute for Correctional Police
China,Hebei Institute of Communications
China,Hebei Polytechnic Institute
China,Hebei Academy of Fine Arts
China,Hebei College of Science and Technology
China,Hebei Foreign Studies University
China,"Industrial and Commercial College, Hebei University"
China,"College of Light Industry, North China University of Science and Technology"
China,"Polytechnic College, Hebei University of Science and Technology"
China,"Huihua College, Hebei Normal University"
China,"College of Economics and Management, Hebei University of Economics and Business"
China,"Clinical College, Hebei Medical University"
China,"Science and Technology College, North China Electric Power University"
China,"Kexin College, Hebei University of Engineering"
China,"City College, Hebei University of Technology"
China,"Liren College, Yanshan University"
China,"Sifang College, Shijiazhuang Tiedao University"
China,"Huaxin College, Hebei GEO University"
China,"College of Modern Science and Technology, Hebei Agricultural University"
China,"Jitang College, North China University of Science and Technology"
China,"Great Wall College, China University of Geosciences"
China,Yanching Institute of Technology
China,"Dongfang College, Beijing University of Chinese Medicine"
China,"Haibin College, Beijing Jiaotong University"
China,Hebei University of Traditional Chinese Medicine
China,Zhangjiakou University
China,Hebei University of Environmental Engineering
China,Heilongjiang University
China,Harbin Institute of Technology
China,Harbin University of Science and Technology
China,Harbin Engineering University
China,Heilongjiang University of Science and Technology
China,Northeast Petroleum University
China,Jiamusi University
China,Heilongjiang Bayi Agricultural University
China,Northeast Agricultural University
China,Northeast Forestry University
China,Harbin Medical University
China,Heilongjiang University of Chinese Medicine
China,Mudanjiang Medical University
China,Harbin Normal University
China,Qiqihar University
China,Mudanjiang Normal University
China,Harbin University
China,Daqing Normal University
China,Suihua University
China,Harbin University of Commerce
China,Harbin Sport University
China,Harbin Finance University
China,Qiqihar Medical University
China,Heilongjiang University of Technology
China,East University of Heilongjiang
China,Heilongjiang Institute of Technology
China,Qiqihar Institute of Technology
China,Heilongjiang International University
China,Heilongjiang University of Finance and Economic
China,Harbin Institute of Petroleum
China,Harbin Cambridge University
China,"Kunlun Tourism College, Heilongjiang Institute of Technology"
China,Harbin Guangsha College
China,Harbin Huade University
China,Heihe University
China,Harbin Conservatory of Music
China,Zhengzhou University 
China,Henan University
China,Henan Normal University
China,Henan Agricultural University
China,Anyang Normal University
China,Henan College of Traditional Chinese Medicine
China,Henan Polytechnic University
China,Henan University of Animal Husbandry and Economy
China,Henan University of Finance and Economics
China,Henan University of Science and Technology
China,Henan University of Technology
China,Huanghe Science and Technology College
China,Luoyang Institute of Science and Technology
China,Nanyang Institute of Technology
China,Nanyang Normal University
China,North China University of Water Conservancy and Electric Power 
China,Shangqiu Normal University
China,"Shengda Economics, Trade and Management College of Zhengzhou"
China,Sias International University
China,Xinyang Agricultural College
China,Xinyang Normal University
China,Zhengzhou University of Light Industry 
China,Zhongyuan University of Technology
China,Nanyang Medical College
China,Huazhong University of Science and Technology
China,Wuhan University
China,Wuhan University of Technology
China,China University of Geosciences 
China,Central China Agricultural University 
China,Central China Normal University 
China,Zhongnan University of Economics and Law 
China,South-Central University for Nationalities
China,Hubei University
China,Wuhan University of Science and Technology
China,Wuhan Textile University
China,Wuhan Institute of Technology
China,Wuhan University of Science and Engineering
China,Wuhan Polytechnic University
China,Hubei University of Technology
China,Hubei College of Traditional Chinese Medicine
China,Wuhan Institute of Physical Education
China,Hubei Institute of Fine Arts
China,Jianghan University
China,Hubei University of Police
China,Wuhan Conservatory of Music
China,Hubei University of Economic 
China,Hubei University of Education
China,Wuhan Vocational College of Software and Engineering
China,Wuhan Technical College of Communications
China,Hubei University of Arts and Science
China,Yangtze University
China,Hubei University for Nationalities 
China,Hubei Engineering University
China,China Three Gorges University
China,Hubei University of Medicine
China,Hubei University of Automotive Technology
China,Hubei Industrial Polytechnic
China,Hanjiang Normal University
China,Huanggang Normal University
China,Hubei Institute of Technology
China,Hubei Normal University
China,Jingchu University of Technology 
China,Hubei University of Science and Technology
China,Central South University 
China,Hunan University
China,Hunan Normal University
China,National University of Defense Technology
China,Xiangtan University
China,Central South University of Forestry and Technology
China,Changsha University of Science and Technology
China,Hunan Agricultural University
China,Hunan First Normal University
China,Hunan University of Chinese Medicine
China,Hunan University of Technology and Commerce
China,Hengyang Normal University
China,University of South China
China,Jishou University
China,"Hunan University of Humanities, Science and Technology"
China,Shaoyang University
China,Hunan Institute of Engineering
China,Hunan University of Science and Technology
China,Hunan Institute of Science and Technology
China,Hunan University of Technology
China,Changsha Normal University
China,Changsha University
China,Hunan University of Finance and Economics
China,Hunan Police Academy
China,Hunan Women's University
China,Hunan Institute of Technology
China,Xiangtan Institute of Technology
China,Hunan University of Science and Engineering
China,Changsha Medical University
China,Hunan International Economics University
China,Hunan Institute of Information Technology
China,Hunan Institute of Traffic Engineering
China,Hunan Applied Technology University
China,Nanjing University
China,Soochow University
China,Southeast University
China,Nanjing University of Aeronautics and Astronautics
China,Nanjing University of Science and Technology
China,China University of Mining and Technology
China,Nanjing Tech University
China,Changzhou University
China,Nanjing University of Posts and Telecommunications
China,Hohai University
China,Jiangnan University
China,Nanjing Forestry University
China,Jiangsu University
China,Nanjing University of Information Science and Technology
China,Nantong University
China,Yancheng Institute of Technology
China,Nanjing Agricultural University
China,Nanjing Medical University
China,Xuzhou Medical University
China,Nanjing University of Chinese Medicine
China,China Pharmaceutical University
China,Nanjing Normal University
China,Jiangsu Normal University
China,Huaiyin Normal University
China,Yancheng Teachers University
China,Nanjing University of Finance and Economics
China,Jiangsu Police Institute
China,Nanjing Sport Institute
China,Nanjing University of the Arts
China,Suzhou University of Science and Technology
China,Changshu Institute of Technology
China,Huaiyin Institute of Technology
China,Changzhou Institute of Technology
China,Yangzhou University
China,Sanjiang University
China,Nanjing Institute of Technology
China,Nanjing Audit University
China,Nanjing Xiaozhuang University
China,Jiangsu University of Technology
China,Huaihai Institute of Technology
China,Xuzhou Institute of Technology
China,Nantong Institute of Technology
China,Nanjing Forest Police College
China,"Chengxian College, Southeast University"
China,"Chien-Shiung Wu College, Southeast University"
China,Taizhou University
China,Taihu University of Wuxi
China,Jinling Institute of Technology
China,"Xuhai College, China University of Mining and Technology"
China,"Ginling College, Nanjing Normal University"
China,"Jinling College, Nanjing University"
China,"Zijin College, Nanjing University of Science and Technology"
China,"Jincheng College, Nanhang"
China,"Nanguang College, Communication University of China"
China,"Taizhou Institute, Nanjing University of Science and Technology"
China,"Taizhou College, Nanjing Normal University"
China,"Pujiang Institute, Nanjing Tech University"
China,"Zhongbei College, Nanjing Normal University"
China,"Kangda College, Nanjing Medical University"
China,"Hanlin College, Nanjing University of Chinese Medicine"
China,"Binjiang College, Nanjing University of Information Science and Technology"
China,"Wenzheng College, Soochow University"
China,"Applied Technology College, Soochow University"
China,"Tianping College, Suzhou University of Science and Technology"
China,"Jingjiang College, Jiangsu University"
China,"Guangling College, Yangzhou University"
China,"Kewen College, Jiangsu Normal University"
China,"Tongda College, Nanjing University of Posts and Telecommunications"
China,"Hongshan College, Nanjing University of Finance and Economics"
China,"Huaide College, Changzhou University"
China,"Xinglin College, Nantong University"
China,"Jinshen College, Nanjing Audit University"
China,Suqian College
China,Jiangsu Second Normal University
China,Xi'an Jiaotong-Liverpool University
China,Duke Kunshan University
China,Nanchang University
China,East China Jiaotong University
China,East China University of Technology
China,Nanchang Hangkong University
China,Jiangxi University of Science and Technology
China,Jingdezhen Ceramic Institute
China,Jiangxi Agricultural University
China,Jiangxi University of Traditional Chinese Medicine
China,Gannan Medical University
China,Jiangxi Normal University
China,Shangrao Normal University
China,Yichun University
China,Jinggangshan University
China,Jiangxi University of Finance and Economics
China,Jiangxi University of Technology
China,Jingdezhen University
China,Pingxiang University
China,Jiangxi Science and Technology Normal University
China,Nanchang Institute of Technology
China,Xinyu University
China,Jiujiang University
China,Jiangxi Police Institute
China,Jiangxi College of Engineering
China,Jiangxi University of Applied Science
China,Jiangxi Institute of Fashion Technology
China,"College of Science and Technology, Nanchang University"
China,"Gongqing College, Nanchang University"
China,"Institute of Technology, East China Jiaotong University"
China,"Yangtze River College, East China University of Technology"
China,"Science and Technology College, Nanchang Hangkong University"
China,"College of Applied Science, Jiangxi University of Science and Technology"
China,"College of Science Technology and Art, Jingdezhen Ceramic Institute"
China,"Nanchang Business College, Jiangxi Agricultural University"
China,"Science and Technology College, Jiangxi University of Traditional Chinese Medicine"
China,"Science and Technology College, Jiangxi Normal University"
China,"Science and Technology College, Gannan Normal University"
China,"Polytechnic Institute, Jiangxi Science and Technology Normal University"
China,"Modern Economics and Management College, Jiangxi University of Finance and Economics"
China,Nanchang Normal University
China,Jilin University
China,Yanbian University
China,Changchun University of Science and Technology
China,Jilin Jianzhu University (JLJU)
China,Northeast Electric Power University
China,Changchun University of Technology
China,Jilin Jianzhu University
China,Jilin Institute of Chemical Technology
China,Jilin Agricultural University
China,Changchun University of Chinese Medicine
China,Northeast Normal University
China,Beihua University
China,Tonghua Normal University
China,Jilin Normal University
China,Changchun Normal University
China,Baicheng Normal University
China,Jilin Sport University
China,Jilin University of Arts
China,Jilin University of Foreign Languages
China,Jilin Business and Technology College
China,Changchun Institute of Technology
China,Changchun University
China,Changchun Guanghua University
China,"Bohua College, Jilin Normal University"
China,Jinlin Medical University
China,Liaoning University
China,Dalian University of Technology
China,Shenyang University of Technology
China,Shenyang Aerospace University
China,Shenyang Ligong University
China,Northeastern University
China,University of Science and Technology Liaoning
China,Liaoning Technical University
China,Liaoning University of Petroleum and Chemical Technology
China,Shenyang University of Chemical Technology
China,Dalian Jiaotong University
China,Dalian Maritime University
China,Dalian Polytechnic University
China,Shenyang Jianzhu University
China,Liaoning University of Technology
China,Shenyang Agricultural University
China,Dalian Ocean University
China,China Medical University
China,Jinzhou Medical University
China,Dalian Medical University
China,Liaoning University of Traditional Chinese Medicine
China,Shenyang Pharmaceutical University
China,Shenyang Medical College
China,Liaoning Normal University
China,Shenyang Normal University
China,Bohai University
China,Anshan Normal University
China,Dalian University of Foreign Languages
China,Dongbei University of Finance and Economics
China,Criminal Investigation Police University of China
China,Shenyang Sport University
China,Shenyang Conservatory of Music
China,Lu Xun Academy of Fine Arts
China,Shenyang University
China,Dalian University
China,Liaoning Institute of Science and Technology
China,Liaoning Police College
China,Shenyang Institute of Engineering
China,Eastern Liaoning University
China,Dalian Minzu University
China,Shenyang Institute of Technology
China,Dalian Institute of Science and Technology
China,Shenyang Urban Construction University
China,"Haihua College, Liaoning Normal University"
China,He University
China,Dalian Neusoft University of Information
China,Liaoning Finance and Trade College
China,Yingkou Institute of Technology
China,Qinghai University
China,Qinghai Normal University
China,Qinghai Nationalities University
China,"Kunlun College, Qinghai University"
China,Ankang University
China,Baoji University of Arts and Sciences
China,Northwest A&F University
China,Northwest University
China,Northwest University of Politics and Law
China,Shaanxi University of Chinese Medicine
China,Shaanxi University of Science & Technology
China,Shaanxi University of Technology
China,Shangluo University
China,Weinan Normal University
China,Xi'an Academy of Fine Arts
China,Xi'an Conservatory of Music
China,Xi'an Institute of Arts and Science
China,Xi'an International Studies University
China,Xi'an Medical University
China,Xi'an Physical Education University
China,Xi'an Polytechnic University
China,Xi'an Shiyou University
China,Xi'an Technological University
China,Xi'an University of Architecture and Technology
China,Xi'an University of Finance and Economics
China,Xi'an University of Posts & Telecommunications
China,Xi'an University of Science and Technology
China,Xi'an University of Technology
China,Xianyang Normal University
China,Yan'an University
China,Yulin University
China,Shaanxi Railway Institute
China,Shandong University
China,Ocean University of China
China,Shandong University of Science and Technology
China,China University of Petroleum (East China)
China,Qingdao University of Science and Technology
China,University of Jinan
China,Qingdao University of Technology
China,Shandong Jianzhu University
China,Qilu University of Technology
China,Shandong University of Technology
China,Shandong Agricultural University
China,Qingdao Agricultural University
China,Weifang Medical University
China,Taishan Medical University
China,Binzhou Medical University
China,Shandong University of Traditional Chinese Medicine
China,Jining Medical University
China,Shandong Normal University
China,Qufu Normal University
China,Liaocheng University
China,Dezhou University
China,Binzhou University
China,Ludong University
China,Linyi University
China,Taishan University
China,Jining University
China,Heze University
China,Shandong University of Finance and Economics
China,Shandong Sport University
China,Shandong University of Arts
China,Qilu Medical University
China,Qingdao Binhai University
China,Zaozhuang University
China,Shandong University of Art and Design
China,Qingdao University
China,Yantai University
China,Weifang University
China,Shandong Police College
China,Shandong Jiaotong University
China,Shandong Technology and Business University
China,Shandong Women's University
China,Yantai Nanshan University
China,Shandong Xiehe University
China,"Wenjing College, Yantai University"
China,"Qindao College, Qingdao University of Technology"
China,"Shengli College, China University of Petroleum"
China,Shandong Huayu University of Technology
China,Qingdao University of Technology
China,Shandong University of Political Science and Law
China,Qilu Normal University
China,Shandong Youth University of Political Science
China,"Modern Creative Media College, Beijing Film Academy"
China,Shandong Management University
China,Shandong Agriculture and Engineering University
China,Business College of Shanxi University
China,Shanxi University 
China,Changzhi College
China,Changzhi Medical College
China,Taiyuan University
China,Lvliang Higher College
China,North University of China 
China,Shanxi Datong University
China,Shanxi Medical University 
China,Shanxi Traditional Chinese Medicine University 
China,Shanxi Normal University 
China,Shanxi Normal University Linfen College
China,Shanxi Agricultural University 
China,Shanxi University of Finance & Economics
China,Taiyuan University of Science and Technology
China,Taiyuan Normal University
China,Taiyuan University of Technology
China,Xinzhou Teachers University
China,Yuncheng University
China,Sichuan University
China,University of Electronic Science and Technology of China
China,Southwest Jiaotong University
China,Southwestern University of Finance and Economics
China,Chengdu University of Technology
China,Sichuan Agricultural University
China,Southwest Petroleum University
China,Chengdu University of Traditional Chinese Medicine
China,Southwest University for Nationalities
China,Civil Aviation Flight University of China
China,Sichuan Normal University
China,Chengdu University of Information Technology
China,Xihua University
China,Southwest Medical University
China,China West Normal University
China,Chengdu Normal University
China,Chengdu Industrial Institute
China,North Sichuan Medical College
China,Aba Teachers University
China,Yunnan University
China,Kunming University of Science and Technology
China,Yunnan Agricultural University
China,Southwest Forestry University
China,Kunming Medical University
China,Dali University
China,Yunnan University of Traditional Chinese Medicine
China,Yunnan Normal University
China,Zhaotong University
China,Qujing Normal University
China,Pu'er University
China,Baoshan University
China,Honghe University
China,Yunnan University of Finance and Economics
China,Yunnan Arts University
China,Yunnan Minzu University
China,Yuxi Normal University
China,Chuxiong Normal University
China,Yunnan Police College
China,Kunming University
China,Wenshan University
China,China Coast Guard Academy 
China,Zhejiang University
China,University of International Relations
China,Guangxi University
China,Guangxi University of Science and Technology
China,Guilin University of Electronic Technology
China,Guangxi Medical University
China,Youjiang Medical University for Nationalities
China,Guangxi University of Chinese Medicine
China,Guilin Medical University
China,Guangxi Normal University
China,Nanning Normal University
China,Guangxi Normal University for Nationalities
China,Guangxi Institute of Science and Technology
China,Hechi University
China,Yulin Normal University
China,Guangxi Arts University
China,Guangxi University for Nationalities
China,Baise University
China,Wuzhou University
China,Guangxi Science and Technology Normal University
China,Guangxi University of Finance and Economics
China,Nanning University
China,Beibu Gulf University
China,Guilin University of Aerospace Technology
China,Guilin Tourism University
China,Hezhou University
China,Guangxi Police College
China,Beihai College of Art and Design
China,"Xingjian College of Science & Liberal Arts, Guangxi University"
China,"Faculty of Chinese Medicine Science, Guangxi University of Chinese Medicine"
China,Guangxi University of Foreign Languages
China,Inner Mongolia University
China,Inner Mongolia University of Science and Technology
China,Inner Mongolia University of Technology
China,Inner Mongolia Agricultural University
China,Inner Mongolia Medical University
China,Baotou Medical College
China,Inner Mongolia Normal University
China,Baotou Teachers' College
China,Inner Mongolia University for Nationalities
China,Chifeng University
China,Hulunbuir College
China,Jining Normal University
China,Inner Mongolia University of Finance and Economics
China,Hetao College
China,"Pioneer College, Inner Mongolia University"
China,"Honder College, Inner Mongolia Normal University"
China,Inner Mongolia University of Arts
China,Ordos Institute of Technology
China,North Minzu University
China,Ningxia University
China,Ningxia Medical University
China,Ningxia Normal University
China,Ningxia Institute of Science and Technology
China,Yinchuan Energy Institute
China,Tibet University 
China,Tibet Minzu University
China,Xinjiang University 
China,Tarim University 
China,Xinjiang Agricultural University
China,Shihezi University
China,Xinjiang Medical University
China,Xinjiang Normal University
China,Kashgar University
China,Yili Normal University
China,Xinjiang University of Finance and Economics
China,Xinjiang Arts Institute
China,Xinjiang Institute of Engineering
China,Changji University
Turkey,Adana Alparslan Türkeş University of Science and Technology
Turkey,Çukurova University
Turkey,Adıyaman University
Turkey,Afyon Kocatepe University
Turkey,Afyonkarahisar University of Health Sciences
Turkey,Ağrı İbrahim Çeçen University
Turkey,Aksaray University
Turkey,Amasya University
Turkey,Ankara University
Turkey,Ankara Music and Fine Arts University
Turkey,Ankara Hacı Bayram Veli University
Turkey,Social Sciences University of Ankara
Turkey,Gazi University
Turkey,Hacettepe University
Turkey,Middle East Technical University
Turkey,Yıldırım Beyazıt University
Turkey,Ankara Medipol University
Turkey,Atılım University
Turkey,Başkent University
Turkey,Çankaya University
Turkey,Bilkent University
Turkey,Lokman Hekim University
Turkey,Ostim Technical University
Turkey,TED University
Turkey,TOBB University of Economics and Technology
Turkey,Ufuk University
Turkey,University of Turkish Aeronautical Association
Turkey,Yüksek İhtisas University
Turkey,Faculty of Political Science
Turkey,Police Academy (Police)
Turkey,Akdeniz University
Turkey,Alanya Alaaddin Keykubat University
Turkey,Alanya University
Turkey,Antalya AKEV University
Turkey,Antalya Bilim University
Turkey,Ardahan University
Turkey,Artvin Çoruh University
Turkey,Aydın Adnan Menderes University
Turkey,Balıkesir University
Turkey,Bandırma Onyedi Eylül University
Turkey,Bartın University
Turkey,Batman University
Turkey,Bayburt University
Turkey,Bilecik Şeyh Edebali University
Turkey,Bingöl University
Turkey,Bitlis Eren University
Turkey,Bolu Abant Izzet Baysal University
Turkey,Burdur Mehmet Akif Ersoy University
Turkey,Bursa Technical University
Turkey,Bursa Uludağ University
Turkey,Çanakkale Onsekiz Mart University
Turkey,Çankırı Karatekin University
Turkey,Çorum Hitit University
Turkey,Pamukkale University
Turkey,Dicle University
Turkey,Düzce University
Turkey,Trakya University
Turkey,Fırat University
Turkey,Erzincan Binali Yıldırım University
Turkey,Atatürk University
Turkey,Erzurum Technical University
Turkey,Anadolu University
Turkey,Eskişehir Osmangazi University
Turkey,Eskişehir Technical University
Turkey,Gaziantep University
Turkey,Gaziantep University of Science and Technology
Turkey,Hasan Kalyoncu University
Turkey,Sanko University
Turkey,Giresun University
Turkey,Gümüşhane University
Turkey,Hakkari University
Turkey,Iskenderun Technical University
Turkey,Hatay Mustafa Kemal University
Turkey,Iğdır University
Turkey,Süleyman Demirel University
Turkey,Isparta University of Applied Sciences
Turkey,Military Academy (Military)
Turkey,Air Force Academy (Military)
Turkey,Naval Academy (Military)
Turkey,Boğaziçi University
Turkey,Galatasaray University
Turkey,Istanbul Medeniyet University
Turkey,Istanbul Technical University
Turkey,Istanbul University
Turkey,Istanbul University-Cerrahpaşa
Turkey,Marmara University
Turkey,Mimar Sinan Fine Arts University
Turkey,Turkish-German University
Turkey,University of Health Sciences
Turkey,Yıldız Technical University
Turkey,Acıbadem University
Turkey,Altınbaş University
Turkey,Ayvansaray University
Turkey,Bahçeşehir University
Turkey,Beykent University
Turkey,Bezmialem Foundation University
Turkey,Biruni University
Turkey,Demiroğlu Bilim University
Turkey,Doğuş University
Turkey,Fatih Sultan Mehmet University
Turkey,Gedik University
Turkey,Haliç University
Turkey,Işık University
Turkey,Ibn Haldun University
Turkey,Istanbul 29 Mayıs University
Turkey,Istanbul Arel University
Turkey,Istanbul Aydın University
Turkey,Istanbul Bilgi University
Turkey,Istanbul Commerce University
Turkey,Istanbul Esenyurt University
Turkey,Istanbul Gelişim University
Turkey,Istanbul Kent University
Turkey,Istanbul Kültür University
Turkey,Istanbul Medipol University
Turkey,Istanbul Okan University
Turkey,Istanbul Rumeli University
Turkey,Istanbul Sabahattin Zaim University
Turkey,Istinye University
Turkey,Kadir Has University
Turkey,Koç University
Turkey,Maltepe University
Turkey,MEF University
Turkey,Nişantaşı University
Turkey,Özyeğin University
Turkey,Piri Reis University
Turkey,Sabancı University
Turkey,Üsküdar University
Turkey,Yeditepe University
Turkey,Yeni Yüzyıl University
Turkey,Dokuz Eylül University
Turkey,Ege University
Turkey,İzmir Institute of Technology
Turkey,Yaşar University
Turkey,İzmir Kâtip Çelebi University
Turkey,İzmir Bakırçay University
Turkey,İzmir Democracy University
Turkey,İzmir University of Economics
Turkey,IQY Technical University
Turkey,İzmir Tınaztepe University
Turkey,Kahramanmaraş İstiklal University
Turkey,Kahramanmaraş Sütçüimam University
Turkey,Karabük University
Turkey,Karamanoğlu Mehmetbey University
Turkey,Kafkas University
Turkey,Kastamonu University
Turkey,Abdullah Gül University
Turkey,Kayseri University
Turkey,Erciyes University
Turkey,Kayseri University
Turkey,Nuh Naci Yazgan University
Turkey,Kırıkkale University
Turkey,Kırklareli University
Turkey,Kırşehir Ahi Evran University
Turkey,Kilis 7 Aralık University
Turkey,Gebze Technical University
Turkey,Kocaeli University
Turkey,Konya Technical University
Turkey,Necmettin Erbakan University
Turkey,Selçuk University
Turkey,Konya Food and Agriculture University
Turkey,KTO Karatay University
Turkey,Kütahya Dumlupınar University
Turkey,Kütahya University of Health Sciences
Turkey,İnönü University
Turkey,Malatya Turgut Özal University
Turkey,Manisa Celal Bayar University
Turkey,Mardin Artuklu University
Turkey,Mersin University
Turkey,Çağ University
Turkey,Tarsus University
Turkey,Toros University
Turkey,Muğla Sıtkı Koçman University
Turkey,Muş Alparslan University
Turkey,Nevşehir Hacı Bektaş Veli University
Turkey,Cappadocia University
Turkey,Ömer Halisdemir University
Turkey,Ordu University
Turkey,Osmaniye Korkut Ata University
Turkey,Recep Tayyip Erdoğan University
Turkey,Sakarya University
Turkey,Sakarya University of Applied Sciences
Turkey,Ondokuz Mayıs University
Turkey,Samsun University
Turkey,Siirt University
Turkey,Sinop University
Turkey,Sivas Cumhuriyet University
Turkey,Sivas University of Science and Technology
Turkey,Harran University
Turkey,Şırnak University
Turkey,Tekirdağ Namık Kemal University
Turkey,Tokat Gaziosmanpaşa University
Turkey,Karadeniz Technical University
Turkey,Trabzon University
Turkey,Avrasya University
Turkey,Munzur University
Turkey,Uşak University
Turkey,Van Yüzüncü Yıl University
Turkey,Yalova University
Ireland,Dublin City University
Ireland,National University of Ireland
Ireland,Maynooth University
Ireland,University of Galway
Ireland,University College Cork
Ireland,University College Dublin
Ireland,Royal College of Surgeons in Ireland
Ireland,University of Limerick
Ireland,"University of Dublin (possibly Trinity College, which is officially known as the University of Dublin)"
Ireland,Trinity College
Ireland,Atlantic Technological University
Ireland,Munster Technological University
Ireland,South East Technological University
Ireland,Technological University Dublin
Ireland,Technological University of the Shannon: Midlands Midwest
Ireland,"Dún Laoghaire Institute of Art, Design and Technology"
Ireland,Dundalk Institute of Technology
Ireland,"St Patrick's College, Maynooth"
Ireland,"St Angela's College of Education, Sligo "
Ireland,Marino Institute of Education 
Ireland,"Mary Immaculate College, Limerick "
Ireland,"St. Patrick's College, Thurles"
Ireland,North West Regional College
Ireland,Belfast Metropolitan College
Ireland,Northern Regional College 
Ireland,South Eastern Regional College
Ireland,South West College
Ireland,Southern Regional College
Sweden,Uppsala University
Sweden,Lund University
Sweden,University of Gothenburg
Sweden,Stockholm University
Sweden,Karolinska Institutet
Sweden,Umeå University
Sweden,KTH Royal Institute of Technology
Sweden,Linköping University
Sweden,Swedish University of Agricultural Sciences
Sweden,Luleå University of Technology
Sweden,Karlstad University
Sweden,Örebro University
Sweden,Mid Sweden University
Sweden,Linnaeus University
Sweden,Malmö University
Netherland,University of Amsterdam
Netherland,Academic Medical Center
Netherland,Amsterdam University College
Netherland,Vrije Universiteit Amsterdam
Netherland,VU University Medical Center
Netherland,University of Groningen
Netherland,University Medical Center Groningen
Netherland,Leiden University
Netherland,Leiden University Medical Center
Netherland,Leiden University College The Hague
Netherland,Maastricht University
Netherland,Academic Hospital Maastricht
Netherland,University College Maastricht
Netherland,Radboud University Nijmegen
Netherland,Radboud University Medical Center
Netherland,Erasmus University Rotterdam
Netherland,Erasmus MC
Netherland,Erasmus University College
Netherland,Tilburg University
Netherland,University College Tilburg
Netherland,TIAS School for Business and Society
Netherland,Utrecht University
Netherland,University Medical Center Utrecht
Netherland,University College Utrecht
Netherland,University College Roosevelt
Netherland,Delft University of Technology
Netherland,Eindhoven University of Technology
Netherland,University of Twente
Netherland,Wageningen University and Research Centre
Netherland,Wageningen University
Netherland,Agricultural Research Institutes
Netherland,Open University in the Netherlands
Netherland,University of Curaçao
Netherland,University of Humanistic Studies
Netherland,Netherlands Defence Academy
Netherland,University of Curaçao
Netherland,University of Humanistic Studies
Netherland,Netherlands Defence Academy
Netherland,Nyenrode Business University
Netherland,Protestant Theological University
Netherland,Theological University of Kampen
Netherland,Theological University of Apeldoorn
Switzerland,University of Basel
Switzerland,University of Bern
Switzerland,University of Fribourg
Switzerland,University of Geneva
Switzerland,University of Neuchâtel
Switzerland,University of Lausanne
Switzerland,University of Lucerne
Switzerland,University of Lugano
Switzerland,University of St. Gallen
Switzerland,University of Zurich
Switzerland,Swiss Federal Institute of Technology Lausanne
Switzerland,Swiss Federal Institute of Technology Zurich
Switzerland,Bern University of Applied Sciences
Switzerland,Fachhochschule Graubünden
Switzerland,University of Applied Sciences Northwestern Switzerland
Switzerland,University of Applied Sciences of Eastern Switzerland
Switzerland,University of Applied Sciences and Arts of Western Switzerland
Switzerland,Lucerne University of Applied Sciences and Arts
Switzerland,University of Applied Sciences and Arts of Southern Switzerland
Switzerland,Zurich University of Applied Sciences
Switzerland,Zurich University of the Arts
Switzerland,Kalaidos University of Applied Sciences
Germany,Heidelberg University
Germany,Leipzig University
Germany,University of Rostock
Germany,University of Greifswald
Germany,University of Freiburg
Germany,University of Munich
Germany,University of Tübingen
Germany,University of Halle-Wittenberg
Germany,University of Marburg
Germany,University of Jena
Germany,RWTH Aachen
Germany,Anhalt University of Applied Sciences
Germany,University of Augsburg
Germany,University of Bamberg
Germany,University of Bayreuth
Germany,Hochschule Bremen
Germany,Berlin University of the Arts
Germany,Free University of Berlin
Germany,Humboldt University of Berlin
Germany,Technical University of Berlin
Germany,Bielefeld University
Germany,Ruhr University Bochum
Germany,University of Bonn
Germany,Brandenburg University of Technology
Germany,Braunschweig University of Technology
Germany,University of Bremen
Germany,Jacobs University Bremen
Germany,Chemnitz University of Technology
Germany,Clausthal University of Technology
Germany,CODE University of Applied Sciences
Germany,University of Cologne
Germany,Darmstadt University of Technology
Germany,TU Dortmund University
Germany,Dresden University of Technology
Germany,University of Duisburg-Essen
Germany,University of Düsseldorf
Germany,Catholic University of Eichstätt-Ingolstadt
Germany,University of Erfurt
Germany,University of Erlangen-Nuremberg
Germany,University of Duisburg-Essen
Germany,ESCP Business School
Germany,University of Flensburg
Germany,Goethe University Frankfurt
Germany,Viadrina University (Frankfurt an der Oder)
Germany,Freiberg University of Mining and Technology
Germany,Zeppelin University (Friedrichshafen)
Germany,University of Freiburg
Germany,University of Giessen
Germany,University of Göttingen
Germany,University of Greifswald
Germany,University of Hagen 
Germany,University of Halle-Wittenberg 
Germany,University of Hamburg
Germany,HafenCity University Hamburg
Germany,Hamburg University of Technology
Germany,Helmut Schmidt University 
Germany,Hertie School of Governance 
Germany,Leibniz University Hannover
Germany,University of Heidelberg
Germany,University of Hildesheim
Germany,University of Hohenheim
Germany,Technical University of Ilmenau
Germany,Jacobs University Bremen
Germany,University of Jena
Germany,Kaiserslautern University of Technology
Germany,Karlsruhe Institute of Technology
Germany,University of Kassel
Germany,University of Kiel
Germany,University of Koblenz-Landau
Germany,University of Konstanz
Germany,"Kühne Logistics University (private institution with university status, awards PhD)"
Germany,University of Leipzig
Germany,University of Lübeck
Germany,Leuphana University of Lüneburg
Germany,University of Magdeburg
Germany,University of Mainz
Germany,University of Mannheim
Germany,University of Marburg
Germany,Technical University of Munich
Germany,Ludwig Maximilian University of Munich
Germany,Bundeswehr University Munich
Germany,Ukrainian Free University Munich (private university; awards PhD)
Germany,University of Münster
Germany,University of Erlangen-Nuremberg
Germany,University of Oldenburg
Germany,University of Osnabrück
Germany,University of Paderborn
Germany,University of Passau
Germany,University of Potsdam
Germany,University of Regensburg
Germany,University of Rostock
Germany,Saarland University
Germany,University of Siegen
Germany,German University of Administrative Sciences Speyer
Germany,University of Stuttgart
Germany,University of Trier
Germany,University of Tübingen
Germany,University of Ulm
Germany,University of Halle-Wittenberg (also in Halle)
Germany,University of Vechta
Germany,University of Weimar
Germany,Witten/Herdecke University
Germany,University of Wuppertal
Germany,University of Würzburg